"Rank","Artist","Track","Year"
1,"kenny chesney","the good stuff",2002
2,"alan jackson","drive (for daddy gene)",2002
3,"george strait","living and living well",2002
4,"steve holy","good morning beautiful",2002
5,"darryl worley","i miss my friend",2002
6,"toby keith","my list",2002
7,"steve azar","i don't have to be me ('til monday)",2002
8,"diamond rio","beautiful mess",2002
9,"martina mcbride","blessed",2002
10,"joe nichols","the impossible",2002
11,"tracy byrd","ten rounds with jose cuervo",2002
12,"tommy shane steiner","what if she's an angel",2002
13,"gary allan","the one",2002
14,"keith urban","somebody like you",2002
15,"rascal flatts","i'm movin' on",2002
16,"jo dee messina with tim mcgraw","bring on the rain",2002
17,"brooks & dunn","the long goodbye",2002
18,"lonestar","not a day goes by",2002
19,"kenny chesney","young",2002
20,"sara evans","i keep looking",2002
21,"tim mcgraw","the cowboy in me",2002
22,"emerson drive","i should be sleeping",2002
23,"chris cagle","i breathe in, i breathe out",2002
24,"alan jackson","where were you (when the world stopped turning)",2002
25,"brad paisley","i'm gonna miss her (the fishin' song)",2002
26,"phil vassar","that's when i love you",2002
27,"martina mcbride","where would you be",2002
28,"toby keith","courtesy of the red, white and blue (the angry american)",2002
29,"brad paisley","wrapped around",2002
30,"george strait","run",2002
31,"alan jackson","work in progress",2002
32,"phil vassar","american child",2002
33,"andy griggs","tonight i wanna be your man",2002
34,"kellie coffey","when you lie next to me",2002
35,"the chicks","long time gone",2002
36,"tim mcgraw","unbroken",2002
37,"montgomery gentry","my town",2002
38,"aaron tippin","where the stars and stripes and the eagle fly",2002
39,"carolyn dawn johnson","i don't want you to go",2002
40,"toby keith","i wanna talk about me",2002
41,"rascal flatts","these days",2002
42,"the chicks","some days you gotta dance",2002
43,"garth brooks","wrapped up in you",2002
44,"brooks & dunn","my heart is lost to you",2002
45,"travis tritt","modern day bonnie and clyde",2002
46,"mark chesnutt","she was",2002
47,"rebecca lynn howard","forgive",2002
48,"the chicks","landslide",2002
49,"blake shelton","ol' red",2002
50,"trace adkins","i'm tryin'",2002
51,"joe diffie","in another world",2002
52,"trick pony","just what i do",2002
53,"brad martin","before i knew better",2002
54,"toby keith","who's your daddy?",2002
55,"george strait","she'll leave you with a smile",2002
56,"trace adkins","help me understand",2002
57,"david ball","riding with private malone",2002
58,"tracy byrd","just let me be in love",2002
59,"tammy cochran","i cry",2002
60,"kevin denney","that's just jessie",2002
1,"lonestar","my front porch looking in",2003
2,"toby keith duet with willie nelson","beer for my horses",2003
3,"mark wills","19 somethin'",2003
4,"alan jackson & jimmy buffett","it's five o'clock somewhere",2003
5,"brooks & dunn","red dirt road",2003
6,"dierks bentley","what was i thinkin'",2003
7,"diamond rio","i believe",2003
8,"joe nichols","brokenheartsville",2003
9,"tim mcgraw","real good man",2003
10,"brad paisley","celebrity",2003
11,"kenny chesney","no shoes, no shirt, no problems",2003
12,"darryl worley","have you forgotten?",2003
13,"keith urban","raining on sunday",2003
14,"shania twain","forever and for always",2003
15,"gary allan","man to man",2003
16,"kenny chesney","big star",2003
17,"randy travis","three wooden crosses",2003
18,"terri clark","i just wanna be mad",2003
19,"blake shelton","the baby",2003
20,"keith urban","who wouldn't wanna be me",2003
21,"jimmy wayne","stay gone",2003
22,"alan jackson","that'd be alright",2003
23,"tim mcgraw","she's my kind of rain",2003
24,"montgomery gentry","speed",2003
25,"buddy jewell","help pour out the rain (lacey's song)",2003
26,"chris cagle","what a beautiful day",2003
27,"rascal flatts","love you out loud",2003
28,"martina mcbride","this one's for the girls",2003
29,"jeff bates","the love song",2003
30,"gary allan","tough little boys",2003
31,"george strait","she'll leave you with a smile",2003
32,"rascal flatts","i melt",2003
33,"martina mcbride","concrete angel",2003
34,"keith urban","somebody like you",2003
35,"clay walker","a few questions",2003
36,"emerson drive","fall into me",2003
37,"trace adkins","then they do",2003
38,"aaron lines","you can't hide beautiful",2003
39,"pat green","wave on wave",2003
41,"toby keith","who's your daddy?",2003
42,"craig morgan","almost home",2003
43,"rascal flatts","these days",2003
44,"toby keith","i love this bar",2003
45,"billy currington","walk a little straighter",2003
46,"tracy byrd","the truth about men",2003
47,"brad paisley","i wish you'd stay",2003
48,"the chicks","travelin' soldier",2003
49,"george strait","tell me something bad about tulsa",2003
50,"chris cagle","chicks dig it",2003
51,"rushlow","i can't be your friend",2003
52,"sara evans","backseat of a greyhound bus",2003
53,"george strait","cowboys like us",2003
54,"deana carter","there's no limit",2003
55,"wynonna","what the world needs",2003
56,"trace adkins","chrome",2003
57,"montgomery gentry","hell yeah",2003
58,"shania twain","up!",2003
59,"jessica andrews","there's more to me than you",2003
60,"tim mcgraw","red rag top",2003
1,"tim mcgraw","live like you were dying",2004
2,"alan jackson","remember when",2004
3,"keith urban","you'll think of me",2004
4,"kenny chesney & uncle kracker","when the sun goes down",2004
5,"john michael montgomery","letters from home",2004
6,"toby keith","american soldier",2004
7,"rascal flatts","mayberry",2004
8,"sara evans","suds in the bucket",2004
9,"tim mcgraw","watch the wind blow by",2004
10,"keith urban","days go by",2004
11,"gretchen wilson","redneck woman",2004
12,"buddy jewell","sweet southern comfort",2004
13,"montgomery gentry","if you ever stop loving me",2004
14,"kenny chesney","i go back",2004
15,"brad paisley","little moments",2004
16,"reba mcentire","somebody",2004
17,"sara evans","perfect",2004
18,"brad paisley featuring alison krauss","whiskey lullaby",2004
19,"george strait","i hate everything",2004
20,"andy griggs","she thinks she needs me",2004
21,"phil vassar","in a real love",2004
22,"kenny chesney","there goes my life",2004
23,"lonestar","let's be us again",2004
24,"terri clark","girls lie too",2004
25,"billy currington","i got a feelin'",2004
26,"joe nichols","if nobody believed in you",2004
27,"brooks & dunn","that's what it's all about",2004
28,"tracy lawrence","paint me a birmingham",2004
29,"gretchen wilson","here for the party",2004
30,"toby keith","whiskey girl",2004
31,"george strait","desperately",2004
32,"david lee murphy","loco",2004
33,"alan jackson","too much of a good thing",2004
34,"trace adkins","hot mama",2004
35,"martina mcbride","in my daughter's eyes",2004
36,"terri clark","i wanna do it all",2004
37,"brooks & dunn","that's what she gets for loving me",2004
38,"josh gracin","i want to live",2004
39,"toby keith","stays in mexico",2004
40,"gary allan","nothing on but the radio",2004
41,"trace adkins","rough & ready",2004
42,"jimmy wayne","i love you this much",2004
43,"brooks & dunn","you can't take the honky tonk out of the girl",2004
44,"lonestar","mr. mom",2004
45,"rascal flatts","feels like today",2004
46,"gary allan","songs about rain",2004
47,"dierks bentley","how am i doin'",2004
48,"blue county","good little girls",2004
49,"carolyn dawn johnson","simple life",2004
50,"josh turner","long black train",2004
51,"clay walker","i can't sleep",2004
52,"toby keith","i love this bar",2004
53,"jimmy buffett with clint black, kenny chesney, alan jackson, toby keith & george strait","hey good lookin'",2004
54,"big & rich","save a horse (ride a cowboy)",2004
55,"martina mcbride","how far",2004
56,"dierks bentley","my last name",2004
57,"shedaisy","passenger seat",2004
58,"shania twain","she's not just a pretty face",2004
59,"tracy byrd","drinkin' bone",2004
60,"clint black","spend my time",2004
1,"craig morgan","that's what i love about sunday",2005
2,"toby keith","as good as i once was",2005
3,"rascal flatts","bless the broken road",2005
4,"sugarland","something more",2005
5,"rascal flatts","fast cars and freedom",2005
6,"josh gracin","nothin' to lose",2005
7,"sugarland","baby girl",2005
8,"keith urban","making memories of us",2005
9,"faith hill","mississippi girl",2005
10,"montgomery gentry","gone",2005
11,"brad paisley","mud on the tires",2005
12,"brooks & dunn","it's getting better all the time",2005
13,"kenny chesney","anything but mine",2005
14,"jo dee messina","my give a damn's busted",2005
15,"keith urban","you're my better half",2005
16,"dierks bentley","lot of leavin' left to do",2005
17,"montgomery gentry","something to be proud of",2005
18,"andy griggs","if heaven",2005
19,"sara evans","a real fine place to start",2005
20,"george strait","you'll be there",2005
21,"joe nichols","what's a guy gotta do",2005
22,"brooks & dunn","play something country",2005
23,"jamie o'neal","somebody's hero",2005
24,"brad paisley","alcohol",2005
25,"craig morgan","redneck yacht club",2005
26,"leann rimes","probably wouldn't be this way",2005
27,"trace adkins","songs about me",2005
28,"blake shelton","some beach",2005
29,"keith urban","better life",2005
30,"josh gracin","stay with me (brass bed)",2005
31,"leann rimes","nothin 'bout love makes sense",2005
32,"tim mcgraw","do you want fries with that",2005
33,"gretchen wilson","homewrecker",2005
34,"alan jackson","monday morning church",2005
35,"lee ann womack","i may hate myself in the morning",2005
36,"darryl worley","awful, beautiful life",2005
37,"billy dean","let them be little",2005
38,"tim mcgraw","back when",2005
39,"shedaisy","don't worry 'bout a thing",2005
40,"lonestar","you're like comin' home",2005
41,"gretchen wilson","when i think about cheatin'",2005
42,"van zant","help somebody",2005
43,"kenny chesney","keg in the closet",2005
44,"rascal flatts","skin (sarabeth)",2005
45,"gary allan","best i ever had",2005
46,"toby keith","honkytonk u",2005
47,"blake shelton","goodbye time",2005
48,"jason aldean","hicktown",2005
49,"reba mcentire","he gets that from me",2005
50,"neal mccoy","billy's got his beer goggles on",2005
51,"keith anderson","pickin' wildflowers",2005
52,"gary allan","nothing on but the radio",2005
53,"dierks bentley","come a little closer",2005
54,"darryl worley","if something should happen",2005
55,"tim mcgraw","drugs or jesus",2005
56,"trisha yearwood","georgia rain",2005
57,"jeff bates","long, slow kisses",2005
58,"gretchen wilson","all jacked up",2005
59,"joe nichols","tequila makes her clothes fall off",2005
60,"lonestar","mr. mom",2005
1,"rodney atkins","if you're going through hell (before the devil even knows)",2006
2,"brad paisley","the world",2006
3,"kenny chesney","summertime",2006
4,"rascal flatts","what hurts the most",2006
5,"carrie underwood","jesus, take the wheel",2006
6,"josh turner","would you go with me",2006
7,"keith urban","tonight i wanna cry",2006
8,"the wreckers","leave the pieces",2006
9,"bon jovi duet with jennifer nettles","who says you can't go home",2006
10,"jason aldean","why",2006
11,"little big town","bring it on home",2006
12,"steve holy","brand new girlfriend",2006
13,"carrie underwood","don't forget to remember me",2006
14,"george strait","give it away",2006
15,"toby keith","a little too late",2006
16,"leann rimes","something's gotta give",2006
17,"phil vassar","last day of my life",2006
18,"keith anderson","every time i hear your name",2006
19,"dierks bentley","settle for a slowdown",2006
20,"tim mcgraw","when the stars go blue",2006
21,"josh turner","your man",2006
22,"brad paisley featuring dolly parton","when i get where i'm going",2006
23,"gary allan","life ain't always beautiful",2006
24,"montgomery gentry","she don't tell me to",2006
25,"jack ingram","wherever you are",2006
26,"blake shelton","nobody but me",2006
27,"brooks & dunn","believe",2006
28,"kenny chesney","living in fast forward",2006
29,"brooks & dunn with sheryl crow & vince gill","building bridges",2006
30,"heartland","i loved her first",2006
31,"toby keith","get drunk and be somebody",2006
32,"dierks bentley","every mile a memory",2006
33,"joe nichols","size matters (someday)",2006
34,"billy currington","must be doin' somethin' right",2006
35,"trace adkins","honky tonk badonkadonk",2006
36,"george strait","she let herself go",2006
37,"carrie underwood","before he cheats",2006
38,"rascal flatts","me and my gang",2006
39,"kenny chesney","you save me",2006
40,"keith urban","once in a lifetime",2006
41,"sugarland","just might (make me believe)",2006
42,"faith hill","the lucky one",2006
43,"sara evans","cheatin'",2006
44,"faith hill","sunshine and summertime",2006
45,"sugarland","want to",2006
46,"billy currington","why, why, why",2006
47,"garth brooks","good ride cowboy",2006
48,"tim mcgraw","my old friend",2006
49,"faith hill","like we never loved at all",2006
50,"rascal flatts","my wish",2006
51,"dierks bentley","come a little closer",2006
52,"pat green","feels just like it should",2006
53,"george strait","the seashores of old mexico",2006
54,"craig morgan","i got you",2006
55,"kenny chesney","who you'd be today",2006
56,"tim mcgraw","my little girl",2006
57,"joe nichols","tequila makes her clothes fall off",2006
58,"danielle peck","findin' a good man",2006
59,"lonestar","mountains",2006
60,"jack ingram","love you",2006
1,"rodney atkins","watching you",2007
2,"billy currington","good directions",2007
3,"kenny chesney","never wanted nothing more",2007
4,"rodney atkins","these are my people",2007
5,"rascal flatts","take me there",2007
6,"big & rich","lost in this moment",2007
7,"carrie underwood","wasted",2007
8,"tim mcgraw","if you're reading this",2007
9,"dierks bentley","free and easy (down the road i go)",2007
10,"sugarland","settlin'",2007
11,"rascal flatts","stand",2007
12,"george strait","it just comes natural",2007
13,"emerson drive","moments",2007
14,"martina mcbride","anyway",2007
15,"montgomery gentry","lucky man",2007
16,"tracy lawrence","find out who your friends are",2007
17,"tim mcgraw","last dollar (fly away)",2007
18,"toby keith","love me if you can",2007
19,"alan jackson","a woman's love",2007
20,"brad paisley","ticks",2007
21,"george strait","wrapped",2007
22,"keith urban","i told you so",2007
23,"toby keith","high maintenance woman",2007
24,"kenny chesney","beer in mexico",2007
25,"trace adkins","ladies love country boys",2007
26,"brooks & dunn","proud of the house we built",2007
27,"jason michael carroll","livin' our love song",2007
28,"taylor swift","teardrops on my guitar",2007
29,"keith urban","stupid boy",2007
30,"brad paisley","she's everything",2007
31,"luke bryan","all my friends say",2007
32,"brad paisley","online",2007
33,"reba mcentire duet with kelly clarkson","because of you",2007
34,"bucky covington","a different world",2007
35,"jake owen","startin' with me",2007
36,"joe nichols","i'll wait for you",2007
37,"carrie underwood","so small",2007
38,"jason aldean","johnny cash",2007
39,"kenny chesney","don't blink",2007
40,"clay walker","fall",2007
41,"rascal flatts","my wish",2007
42,"dierks bentley","long trip alone",2007
43,"garth brooks","more than a memory",2007
44,"jason michael carroll","alyssa lies",2007
45,"tim mcgraw with faith hill","i need you",2007
46,"craig morgan","tough",2007
47,"gary allan","a feelin' like that",2007
48,"sugarland","want to",2007
49,"sugarland","everyday america",2007
50,"craig morgan","little bit of life",2007
51,"carrie underwood","before he cheats",2007
52,"jason aldean","amarillo sky",2007
53,"josh turner","firecracker",2007
54,"tim mcgraw","my little girl",2007
55,"kellie pickler","i wonder",2007
56,"george strait","how 'bout them cowgirls",2007
57,"miranda lambert","famous in a small town",2007
58,"blake shelton","don't make me",2007
59,"taylor swift","tim mcgraw",2007
60,"sara evans","as if",2007
1,"james otto","just got started lovin' you",2008
2,"george strait","i saw god today",2008
3,"alan jackson","small town southern man",2008
4,"darius rucker","don't think i don't think about it",2008
5,"blake shelton","home",2008
6,"phil vassar","love is a beautiful thing",2008
7,"trace adkins","you're gonna miss this",2008
8,"keith anderson","i still miss you",2008
9,"rodney atkins","cleaning this gun (come on in boy)",2008
10,"brad paisley","i'm still a guy",2008
11,"toby keith","she never cried in front of me",2008
12,"alan jackson","good time",2008
13,"jimmy wayne","do you believe me now",2008
14,"chris cagle","what kinda gone",2008
15,"kenny chesney with the wailers","everybody wants to go to heaven",2008
16,"carrie underwood","just a dream",2008
17,"keith urban","you look good in my shirt",2008
18,"lady antebellum","love don't live here",2008
19,"brad paisley","waitin' on a woman",2008
20,"rascal flatts","every day",2008
21,"montgomery gentry","back when i knew it all",2008
22,"rascal flatts","winner at a losing game",2008
23,"kenny chesney","better as a memory",2008
24,"carrie underwood","all-american girl",2008
25,"brad paisley","letter to me",2008
26,"gary allan","watching airplanes",2008
27,"carrie underwood","last name",2008
28,"sugarland","all i want to do",2008
29,"taylor swift","should've said no",2008
30,"brooks & dunn","put a girl in it",2008
31,"taylor swift","picture to burn",2008
32,"chuck wicks","stealing cinderella",2008
33,"the lost trailers","holler back",2008
34,"george strait","troubadour",2008
35,"jason aldean","laughed until we cried",2008
36,"dierks bentley","trying to stop your leaving",2008
37,"billy ray cyrus with miley cyrus","ready, set, don't go",2008
38,"kenny chesney duet with george strait","shiftwork",2008
39,"taylor swift","our song",2008
40,"luke bryan","country man",2008
42,"kid rock","all summer long",2008
43,"montgomery gentry","what do ya think about that",2008
44,"sugarland","stay",2008
45,"tim mcgraw","let it go",2008
46,"josh gracin","we weren't crazy",2008
47,"keith urban","everybody",2008
48,"bucky covington","it's good to be us",2008
49,"zac brown band","chicken fried",2008
50,"craig morgan","love remembers",2008
51,"bucky covington","i'll walk",2008
52,"brooks & dunn","god must be busy",2008
53,"montgomery gentry","roll with me",2008
54,"heidi newfield","johnny & june",2008
55,"taylor swift","love story",2008
56,"josh turner featuring trisha yearwood","another try",2008
57,"jamey johnson","in color",2008
58,"craig morgan","international harvester",2008
59,"jewel","stronger woman",2008
60,"toby keith","get my drink on",2008
1,"lady antebellum","i run to you",2009
2,"zac brown band","whatever it is",2009
3,"randy houser","boots on",2009
4,"darius rucker","it won't be like this for long",2009
5,"george strait","river of love",2009
6,"dierks bentley","sideways",2009
7,"billy currington","people are crazy",2009
8,"darius rucker","alright",2009
9,"keith urban","sweet thing",2009
10,"jason aldean","big green tractor",2009
11,"justin moore","small town usa",2009
12,"chris young","gettin' you home (the black dress song)",2009
13,"taylor swift","you belong with me",2009
14,"jason aldean","she's country",2009
15,"brad paisley","then",2009
16,"brooks & dunn featuring reba mcentire","cowgirls don't cry",2009
17,"rodney atkins","it's america",2009
18,"toby keith","god love her",2009
19,"keith urban","only you can love me this way",2009
20,"rascal flatts","summer nights",2009
21,"george strait","living for the night",2009
22,"toby keith","american ride",2009
23,"blake shelton","i'll just hold on",2009
24,"brad paisley","welcome to the future",2009
25,"keith urban","kiss a girl",2009
26,"jake owen","don't think i can't love you",2009
27,"taylor swift","white horse",2009
28,"carrie underwood featuring randy travis","i told you so",2009
29,"zac brown band","toes",2009
30,"kenny chesney with mac mcanally","down the road",2009
31,"dierks bentley","feel that fire",2009
32,"kenny chesney","out last night",2009
33,"sugarland","it happens",2009
34,"rascal flatts","here comes goodbye",2009
35,"blake shelton","she wouldn't be gone",2009
36,"love and theft","runaway",2009
37,"kellie pickler","best days of your life",2009
38,"darryl worley","sounds like life to me",2009
39,"eric church","love your love the most",2009
40,"montgomery gentry","one in every crowd",2009
41,"luke bryan","do i",2009
42,"tim mcgraw","nothin' to die for",2009
43,"billy currington","don't",2009
44,"kenny chesney with dave matthews","i'm alive",2009
45,"carrie underwood","cowboy casanova",2009
46,"alan jackson","country boy",2009
47,"jack ingram","barefoot and crazy",2009
48,"lady antebellum","need you now",2009
49,"david nail","red light",2009
50,"craig morgan","bonfire",2009
51,"gloriana","wild at heart",2009
52,"eli young band","always the love songs",2009
53,"reba","strange",2009
54,"toby keith","lost you anyway",2009
55,"brad paisley duet with keith urban","start a band",2009
56,"martina mcbride","ride",2009
57,"rascal flatts","here",2009
58,"sugarland","already gone",2009
59,"jason michael carroll","where i'm from",2009
60,"zac brown band","chicken fried",2009
1,"lee brice","love like crazy",2010
2,"luke bryan","rain is a good thing",2010
3,"josh turner","why don't we just dance",2010
4,"josh turner","all over me",2010
5,"chris young","the man i want to be",2010
6,"easton corbin","roll with it",2010
7,"joe nichols","gimmie that girl",2010
8,"blake shelton","all about tonight",2010
9,"darius rucker","come back song",2010
10,"clay walker","she won't be lonely long",2010
11,"miranda lambert","the house that built me",2010
12,"lady antebellum","american honey",2010
13,"keith urban","'til summer comes around",2010
14,"zac brown band","highway 20 ride",2010
15,"steel magnolia","keep on lovin' you",2010
16,"jason aldean","crazy town",2010
17,"lady antebellum","our kind of love",2010
18,"brad paisley","water",2010
19,"easton corbin","a little more country than that",2010
20,"rodney atkins","farmer's daughter",2010
21,"keith urban","i'm in",2010
22,"jerrod niemann","lover, lover",2010
23,"little big town","little white church",2010
24,"darius rucker","history in the making",2010
25,"carrie underwood","temporary home",2010
26,"billy currington","that's how country boys roll",2010
27,"uncle kracker","smile",2010
28,"billy currington","pretty good at drinkin' beer",2010
29,"carrie underwood","undo it",2010
30,"sugarland","stuck like glue",2010
31,"blake shelton featuring trace adkins","hillbilly bone",2010
32,"jason aldean","the truth",2010
33,"kenny chesney","ain't back yet",2010
34,"brad paisley","american saturday night",2010
35,"kenny chesney","the boys of fall",2010
36,"zac brown band","free",2010
37,"the band perry","if i die young",2010
38,"taylor swift","mine",2010
39,"rascal flatts","unstoppable",2010
40,"george strait","i gotta get to you",2010
41,"justin moore","backwoods",2010
42,"reba","consider me gone",2010
43,"tim mcgraw","southern voice",2010
44,"dierks bentley","i wanna make you close your eyes",2010
45,"miranda lambert","white liar",2010
46,"zac brown band featuring alan jackson","as she's walking away",2010
47,"rascal flatts","why wait",2010
48,"lady antebellum","need you now",2010
49,"craig morgan","this ain't nothin'",2010
50,"george strait","the breath you take",2010
51,"brad paisley","anything like me",2010
52,"martina mcbride","wrong baby wrong",2010
53,"reba","i keep on loving you",2010
54,"eric church","hell on the heart",2010
55,"taylor swift","fearless",2010
56,"reba","turn on the radio",2010
57,"toby keith","cryin' for me (wayman's song)",2010
58,"josh thompson","way out here",2010
59,"luke bryan","do i",2010
60,"justin moore","how i got to be this way",2010
1,"eli young band","crazy girl",2011
2,"jake owen","barefoot blue jean night",2011
3,"rodney atkins","take a back road",2011
4,"chris young","tomorrow",2011
5,"the band perry","you lie",2011
6,"dierks bentley","am i the only one",2011
7,"kenny chesney featuring grace potter","you and tequila",2011
8,"blake shelton","honey bee",2011
9,"trace adkins","just fishin'",2011
10,"billy currington","let me down easy",2011
11,"george strait","here for a good time",2011
12,"zac brown band featuring jimmy buffett","knee deep",2011
13,"lady antebellum","just a kiss",2011
14,"justin moore","if heaven wasn't so far away",2011
15,"toby keith","made in america",2011
16,"luke bryan","country girl (shake it for me)",2011
17,"miranda lambert","heart like mine",2011
18,"blake shelton","god gave me you",2011
19,"jason aldean with kelly clarkson","don't you wanna stay",2011
20,"jerrod niemann","what do you want",2011
21,"sara evans","a little bit stronger",2011
22,"keith urban","long hot summer",2011
23,"darius rucker","this",2011
24,"taylor swift","mean",2011
25,"jason aldean","dirt road anthem",2011
26,"brad paisley duet with carrie underwood","remind me",2011
27,"thompson square","are you gonna kiss me or not",2011
28,"rascal flatts","i won't let go",2011
29,"keith urban","without you",2011
30,"brantley gilbert","country must be country wide",2011
31,"kenny chesney","somewhere with you",2011
32,"blake shelton","who are you when i'm not looking",2011
33,"luke bryan","someone else calling you baby",2011
34,"brad paisley","this is country music",2011
35,"chris young","voices",2011
36,"thompson square","i got you",2011
37,"taylor swift","sparks fly",2011
38,"taylor swift","back to december",2011
39,"zac brown band","colder weather",2011
40,"lady antebellum","hello world",2011
41,"brad paisley featuring alabama","old alabama",2011
42,"keith urban","put you in a song",2011
43,"tim mcgraw","felt good on my lips",2011
44,"ronnie dunn","bleed red",2011
45,"miranda lambert","baggage claim",2011
46,"kenny chesney","live a little",2011
47,"billy currington","love done gone",2011
48,"jerrod niemann","one more drinkin' song",2011
49,"craig campbell","family man",2011
50,"carrie underwood","mama's song",2011
52,"eric church","homeboy",2011
53,"jason aldean","my kinda party",2011
54,"rascal flatts featuring natasha bedingfield","easy",2011
55,"sugarland","little miss",2011
56,"lady antebellum","we owned the night",2011
57,"easton corbin","i can't love you back",2011
58,"darius rucker","i got nothin'",2011
59,"sunny sweeney","from a table away",2011
60,"steve holy","love don't run",2011
61,"reba","turn on the radio",2011
62,"toby keith","somewhere else",2011
63,"scotty mccreery","i love you this big",2011
64,"jason aldean","tattoos on this town",2011
65,"ronnie dunn","cost of livin'",2011
66,"rascal flatts","why wait",2011
67,"josh turner","i wouldn't be a man",2011
68,"george strait","the breath you take",2011
69,"toby keith","bullets in the gun",2011
70,"joe nichols","the shape i'm in",2011
71,"the janedear girls","wildflower",2011
72,"zac brown band","keep me in mind",2011
73,"eric church","drink in my hand",2011
74,"the band perry","all your life",2011
75,"ashton shepherd","look it up",2011
76,"zac brown band featuring alan jackson","as she's walking away",2011
77,"martina mcbride","teenage daughters",2011
78,"josh kelley","georgia clay",2011
79,"eric church","smoke a little smoke",2011
80,"hunter hayes","storm warning",2011
81,"craig campbell","fish",2011
82,"the band perry","if i die young",2011
83,"edens edge","amen",2011
84,"brett eldredge","raymond",2011
85,"james wesley","real",2011
86,"alan jackson","long way to go",2011
87,"luke bryan","i don't want this night to end",2011
88,"joe nichols","take it off",2011
89,"josh thompson","won't be lonely long",2011
90,"brad paisley","anything like me",2011
91,"james wesley","didn't i",2011
92,"steel magnolia","last night again",2011
93,"martina mcbride","i'm gonna love you through it",2011
94,"sara evans","my heart can't tell you no",2011
95,"chris young","you",2011
96,"miranda lambert","only prettier",2011
97,"rodney atkins","farmer's daughter",2011
98,"justin moore","bait a hook",2011
99,"clay walker","where do i go from you",2011
100,"frankie ballard","a buncha girls",2011
1,"josh turner","time is love",2012
2,"brantley gilbert","you don't know her like i do",2012
3,"jana kramer","why ya wanna",2012
4,"dustin lynch","cowboys and angels",2012
5,"gloriana","(kissed you) good night",2012
6,"tim mcgraw","better than i used to be",2012
7,"eli young band","even if it breaks your heart",2012
8,"easton corbin","lovin' you is fun",2012
9,"eric church","springsteen",2012
10,"luke bryan","drunk on you",2012
11,"chris young","you",2012
12,"kip moore","somethin' 'bout a truck",2012
13,"kenny chesney","reality",2012
14,"jake owen","alone with you",2012
15,"miranda lambert","over you",2012
16,"dierks bentley","home",2012
17,"luke bryan","i don't want this night to end",2012
18,"lee brice","hard to love",2012
19,"lady antebellum","dancin' away with my heart",2012
20,"hunter hayes","wanted",2012
21,"love and theft","angel eyes",2012
22,"lee brice","a woman like you",2012
23,"keith urban","you gonna fly",2012
24,"zac brown band","no hurry",2012
25,"the band perry","all your life",2012
26,"jason aldean","fly over states",2012
27,"carrie underwood","good girl",2012
28,"miranda lambert","fastest girl in town",2012
29,"blake shelton","drink on it",2012
30,"the band perry","postcard from paris",2012
31,"jason aldean","take a little ride",2012
32,"carrie underwood","blown away",2012
33,"rascal flatts","banjo",2012
34,"keith urban","for you",2012
35,"kenny chesney","come over",2012
36,"blake shelton","over",2012
37,"taylor swift","ours",2012
38,"zac brown band","keep me in mind",2012
39,"jake owen","the one that got away",2012
40,"dierks bentley","5-1-5-0",2012
41,"little big town","pontoon",2012
42,"george strait","love's gonna make it alright",2012
43,"rascal flatts","come wake me up",2012
44,"eric church","drink in my hand",2012
45,"martina mcbride","i'm gonna love you through it",2012
46,"montgomery gentry","where i come from",2012
47,"toby keith","beers ago",2012
48,"luke bryan","kiss tomorrow goodbye",2012
49,"jason aldean","tattoos on this town",2012
50,"david nail featuring sarah buxton","let it rain",2012
51,"tim mcgraw","truck yeah",2012
52,"justin moore","til my last day",2012
53,"toby keith","red solo cup",2012
54,"greg bates","did it for the girl",2012
55,"craig morgan","this ole boy",2012
56,"chris cagle","got my country on",2012
57,"rascal flatts featuring natasha bedingfield","easy",2012
58,"big & rich","that's why i pray",2012
59,"kip moore","beer money",2012
60,"zac brown band","the wind",2012
61,"lady antebellum","we owned the night",2012
62,"thompson square","glass",2012
63,"eric church","creepin'",2012
64,"brad paisley","camouflage",2012
65,"florida georgia line","cruise",2012
66,"hunter hayes","storm warning",2012
67,"jerrod niemann","shinin' on me",2012
68,"the farm","home sweet home",2012
69,"thomas rhett","something to do with my hands",2012
70,"randy houser","how country feels",2012
71,"scotty mccreery","the trouble with girls",2012
72,"lady antebellum","wanted you more",2012
73,"justin moore","bait a hook",2012
74,"toby keith","i like girls that drink beer",2012
75,"kenny chesney & tim mcgraw","feel like a rock star",2012
76,"casey james","let's don't call it a night",2012
77,"casey james","crying on a suitcase",2012
78,"edens edge","amen",2012
79,"kenny chesney","el cerrito place",2012
80,"chris young","neon",2012
81,"miranda lambert","baggage claim",2012
82,"brad paisley","southern comfort zone",2012
83,"andy gibson","wanna make you love me",2012
84,"jon pardi","missin' you crazy",2012
85,"alan jackson","so you don't have to love me anymore",2012
86,"taylor swift","we are never ever getting back together",2012
87,"darius rucker","true believers",2012
88,"zac brown band","goodbye in her eyes",2012
89,"brantley gilbert","country must be country wide",2012
90,"sara evans","my heart can't tell you no",2012
91,"kelly clarkson","mr. know it all",2012
92,"blake shelton","god gave me you",2012
93,"rodney atkins","he's mine",2012
94,"edens edge","too good to be true",2012
95,"kristen kelly","ex-old man",2012
96,"dierks bentley","tip it on back",2012
97,"josh thompson","comin' around",2012
98,"billy currington","like my dog",2012
99,"thompson square","i got you",2012
100,"taylor swift","begin again",2012
1,"florida georgia line","cruise",2013
2,"darius rucker","wagon wheel",2013
3,"blake shelton featuring pistol annies & friends","boys 'round here",2013
4,"luke bryan","crash my party",2013
5,"hunter hayes","i want crazy",2013
6,"tim mcgraw with taylor swift","highway don't care",2013
7,"florida georgia line","get your shine on",2013
8,"miranda lambert","mama's broken heart",2013
9,"blake shelton","sure be cool if you did",2013
10,"randy houser","runnin' outta moonlight",2013
11,"luke bryan","that's my kind of night",2013
12,"the band perry","better dig two",2013
13,"thomas rhett","it goes like this",2013
14,"taylor swift","we are never ever getting back together",2013
15,"tyler farr","redneck crazy",2013
16,"florida georgia line","round here",2013
17,"hunter hayes","wanted",2013
18,"lady antebellum","downtown",2013
19,"billy currington","hey girl",2013
20,"brett eldredge","don't ya",2013
21,"the band perry","done.",2013
22,"jason aldean","night train",2013
23,"kip moore","hey pretty girl",2013
24,"gary allan","every storm (runs out of rain)",2013
25,"easton corbin","all over the road",2013
26,"carrie underwood","see you again",2013
27,"george strait","give it all we got tonight",2013
28,"hunter hayes","somebody's heartbreak",2013
29,"carrie underwood","two black cadillacs",2013
30,"jake owen","anywhere with you",2013
31,"keith urban","little bit of everything",2013
32,"chris young","aw naw",2013
33,"thompson square","if i didn't have you",2013
34,"kenny chesney","pirate flag",2013
35,"blake shelton","mine would be you",2013
36,"brad paisley","beat this summer",2013
37,"tim mcgraw","one of those nights",2013
38,"lee brice","i drive your truck",2013
39,"justin moore","point at you",2013
40,"lee brice","parking lot party",2013
41,"tim mcgraw","southern girl",2013
42,"little big town","tornado",2013
43,"jason aldean with luke bryan & eric church","the only way i know",2013
44,"taylor swift","red",2013
45,"carrie underwood","blown away",2013
46,"randy houser","how country feels",2013
47,"eric church","like jesus does",2013
48,"brantley gilbert","more than miles",2013
49,"cassadee pope","wasting all these tears",2013
50,"zac brown band","jump right in",2013
51,"joe nichols","sunny and 75",2013
52,"kacey musgraves","merry go 'round",2013
53,"jason aldean","1994",2013
54,"parmalee","carolina",2013
55,"eli young band","drunk last night",2013
56,"zac brown band","goodbye in her eyes",2013
57,"taylor swift","begin again",2013
58,"brad paisley","southern comfort zone",2013
59,"chris young","i can take it from there",2013
60,"luke bryan","kiss tomorrow goodbye",2013
61,"dierks bentley","tip it on back",2013
62,"keith urban and miranda lambert","we were us",2013
63,"kip moore","beer money",2013
64,"lady antebellum","goodbye town",2013
65,"justin moore","til my last day",2013
66,"david nail","whatever she's got",2013
67,"sheryl crow","easy",2013
68,"lee brice","hard to love",2013
69,"craig campbell","outta my head",2013
70,"cole swindell","chillin' it",2013
71,"toby keith","drinks after work",2013
72,"train featuring ashley monroe","bruises",2013
73,"miranda lambert","all kinds of kinds",2013
74,"gloriana","can't shake you",2013
75,"rascal flatts","changed",2013
76,"kenny chesney","when i see this bar",2013
77,"eric paslay","friday night",2013
78,"charlie worsham","could it be",2013
79,"eric church","creepin'",2013
80,"scotty mccreery","see you tonight",2013
81,"jake owen","days of gold",2013
82,"gary allan","pieces",2013
83,"jake owen","the one that got away",2013
84,"dustin lynch","she cranks my tractor",2013
85,"florida georgia line","stay",2013
86,"kenny chesney","el cerrito place",2013
87,"the henningsens","american beautiful",2013
88,"the band perry","don't let me be lonely",2013
89,"jana kramer","whiskey",2013
90,"little big town","your side of the bed",2013
91,"kacey musgraves","blowin' smoke",2013
92,"zac brown band","sweet annie",2013
93,"jon pardi","up all night",2013
94,"darius rucker","radio",2013
95,"kelly clarkson featuring vince gill","don't rush",2013
96,"chris cagle","let there be cowgirls",2013
97,"greg bates","did it for the girl",2013
98,"thomas rhett","beer with jesus",2013
99,"toby keith","hope on the rocks",2013
100,"eric church","the outsiders",2013
1,"florida georgia line featuring luke bryan","this is how we roll",2014
2,"jason aldean","burnin' it down",2014
3,"florida georgia line","dirt",2014
4,"brantley gilbert","bottoms up",2014
5,"luke bryan","play it again",2014
6,"kenny chesney","american kids",2014
7,"lady antebellum","bartender",2014
8,"dierks bentley","drunk on a plane",2014
9,"sam hunt","leave the night on",2014
10,"miranda lambert duet with carrie underwood","somethin' bad",2014
11,"luke bryan","drink a beer",2014
12,"lee brice","i don't dance",2014
13,"jake owen","beachin'",2014
14,"dustin lynch","where it's at (yep, yep)",2014
15,"eric church","give me back my hometown",2014
16,"thomas rhett","get me some of that",2014
17,"jerrod niemann","drink to that all night",2014
18,"chase rice","ready set roll",2014
19,"luke bryan","roller coaster",2014
20,"tim mcgraw featuring faith hill","meanwhile back at mama's",2014
21,"cole swindell","hope you get lonely tonight",2014
22,"rascal flatts","rewind",2014
23,"brett eldredge","beat of the music",2014
24,"frankie ballard","sunshine & whiskey",2014
25,"florida georgia line","stay",2014
26,"joe nichols","yeah",2014
27,"keith urban","cop car",2014
28,"jason aldean","when she says baby",2014
29,"miranda lambert","automatic",2014
30,"tyler farr","whiskey in my water",2014
31,"justin moore","lettin' the night roll",2014
32,"brad paisley","river bank",2014
33,"blake shelton","doin' what she likes",2014
34,"little big town","day drinking",2014
35,"cole swindell","chillin' it",2014
36,"brantley gilbert featuring justin moore & thomas rhett","small town throwdown",2014
37,"billy currington","we are tonight",2014
38,"david nail","whatever she's got",2014
39,"blake shelton featuring gwen sebastian","my eyes",2014
40,"chris young","who i am with you",2014
41,"lady antebellum","compass",2014
42,"dan + shay","19 you + me",2014
43,"blake shelton","neon light",2014
44,"maddie & tae","girl in a country song",2014
45,"dierks bentley","i hold on",2014
46,"keith urban","somewhere in my car",2014
47,"big & rich","look at you",2014
48,"randy houser","goodnight kiss",2014
49,"frankie ballard","helluva life",2014
50,"eli young band","dust",2014
51,"hunter hayes","invisible",2014
52,"craig campbell","keep them kisses comin'",2014
53,"parmalee","close your eyes",2014
54,"eric paslay","friday night",2014
55,"luke bryan","that's my kind of night",2014
56,"zac brown band","sweet annie",2014
57,"thompson square","everything i shouldn't be thinking about",2014
58,"carrie underwood","something in the water",2014
59,"cassadee pope","wasting all these tears",2014
60,"eric paslay","song about a girl",2014
61,"the band perry","chainsaw",2014
62,"the swon brothers","later on",2014
63,"scotty mccreery","feelin' it",2014
64,"keith urban and miranda lambert","we were us",2014
65,"eli young band","drunk last night",2014
66,"scotty mccreery","see you tonight",2014
67,"the band perry","don't let me be lonely",2014
68,"danielle bradbery","the heart of dixie",2014
69,"eric church","cold one",2014
70,"parmalee","carolina",2014
71,"george strait","i got a car",2014
72,"tim mcgraw","shotgun rider",2014
73,"craig morgan","wake up lovin' you",2014
74,"darius rucker","radio",2014
75,"sara evans","slow me down",2014
76,"brad paisley","perfect storm",2014
77,"david nail","kiss you tonight",2014
78,"jon pardi","up all night",2014
79,"zac brown band","all alright",2014
80,"raelynn","god made girls",2014
81,"dan + shay","show you off",2014
82,"tim mcgraw","lookin' for that girl",2014
83,"kip moore","young love",2014
84,"hunter hayes featuring jason mraz","everybody's got somebody but me",2014
85,"rascal flatts","payback",2014
86,"eric church","the outsiders",2014
87,"randy houser","like a cowboy",2014
88,"lee brice","drinking class",2014
89,"blake shelton","mine would be you",2014
90,"kacey musgraves","follow your arrow",2014
91,"hunter hayes","tattoo",2014
92,"brett eldredge","mean to me",2014
93,"florida georgia line","sun daze",2014
94,"darius rucker","homegrown honey",2014
95,"eric church","talladega",2014
96,"brothers osborne","rum",2014
97,"chase bryant","take it on back",2014
98,"easton corbin","clockwork",2014
99,"brad paisley","the mona lisa",2014
100,"thomas rhett","make me wanna",2014
1,"sam hunt","take your time",2015
2,"little big town","girl crush",2015
3,"sam hunt","house party",2015
4,"luke bryan","kick the dust up",2015
5,"thomas rhett","crash and burn",2015
6,"blake shelton","sangria",2015
7,"zac brown band","homegrown",2015
8,"chris janson","buy me a boat",2015
9,"keith urban","john cougar, john deere, john 3:16",2015
10,"eric church","like a wrecking ball",2015
11,"old dominion","break up with him",2015
12,"luke bryan","strip it down",2015
13,"chris young","i'm comin' over",2015
14,"brett eldredge","lose my mind",2015
15,"lee brice","drinking class",2015
16,"zac brown band","loving you easy",2015
17,"canaan smith","love you like that",2015
18,"luke bryan","i see you",2015
19,"cam","burning house",2015
20,"a thousand horses","smoke",2015
21,"florida georgia line","sippin' on fire",2015
22,"carrie underwood","little toy guns",2015
23,"cole swindell","let me see ya girl",2015
24,"jason aldean","tonight looks good on you",2015
25,"blake shelton featuring ashley monroe","lonely tonight",2015
26,"kenny chesney","save it for a rainy day",2015
27,"kelsea ballerini","love me like you mean it",2015
28,"michael ray","kiss you in the morning",2015
29,"brantley gilbert","one hell of an amen",2015
30,"tyler farr","a guy walks into a bar",2015
31,"dan + shay","nothin' like you",2015
32,"dustin lynch","hell of a night",2015
33,"billy currington","don't it",2015
34,"cole swindell","ain't worth the whiskey",2015
35,"florida georgia line","sun daze",2015
36,"carrie underwood","something in the water",2015
37,"dierks bentley","say you do",2015
38,"florida georgia line","anything goes",2015
39,"chris young","lonely eyes",2015
40,"tim mcgraw","shotgun rider",2015
41,"eric church","talladega",2015
42,"maddie & tae","fly",2015
43,"jason aldean","just gettin' started",2015
44,"frankie ballard","young & crazy",2015
45,"easton corbin","baby be my love song",2015
46,"tim mcgraw with catherine dunn","diamond rings and old barstools",2015
47,"jana kramer","i got the boy",2015
48,"chase rice","gonna wanna tonight",2015
49,"brad paisley","crushin' it",2015
50,"brett eldredge","mean to me",2015
51,"darius rucker","homegrown honey",2015
52,"thomas rhett","make me wanna",2015
53,"carrie underwood","smoke break",2015
54,"brothers osborne","stay a little longer",2015
55,"keith urban featuring eric church","raise 'em up",2015
56,"kenny chesney with grace potter","wild child",2015
57,"jake owen","real life",2015
58,"eric paslay","she don't love you",2015
59,"thomas rhett","die a happy man",2015
60,"miranda lambert","little red wagon",2015
61,"randy houser","like a cowboy",2015
62,"brad paisley","perfect storm",2015
63,"blake shelton","gonna",2015
64,"sam hunt","break up in a small town",2015
65,"kip moore","i'm to blame",2015
66,"hunter hayes","21",2015
67,"parmalee","already callin' you mine",2015
68,"luke bryan","games",2015
69,"kenny chesney","til it's gone",2015
70,"tim mcgraw","top of the world",2015
71,"jake owen","what we ain't got",2015
72,"locash","i love this life",2015
73,"chase bryant","take it on back",2015
74,"kelsea ballerini","dibs",2015
75,"raelynn","god made girls",2015
76,"rascal flatts","riot",2015
77,"maddie & tae","girl in a country song",2015
78,"jason aldean","gonna know we were here",2015
79,"lady antebellum","long stretch of love",2015
80,"reba","going out like that",2015
81,"big & rich","run away with you",2015
82,"keith urban","somewhere in my car",2015
83,"randy houser","we went",2015
84,"jason aldean","burnin' it down",2015
85,"sam hunt","leave the night on",2015
86,"parmalee","close your eyes",2015
87,"josh turner","lay low",2015
88,"blake shelton","neon light",2015
89,"chris stapleton","tennessee whiskey",2015
90,"kacey musgraves","biscuits",2015
91,"dierks bentley","riser",2015
92,"lee brice","that don't sound like you",2015
93,"lady antebellum","freestyle",2015
94,"kristian bush","trailer hitch",2015
95,"florida georgia line","dirt",2015
96,"joe nichols","hard to be cool",2015
97,"gloriana","trouble",2015
98,"chase rice","ride",2015
99,"brad paisley","country nation",2015
100,"david nail","kiss you tonight",2015
1,"florida georgia line","h.o.l.y.",2016
2,"thomas rhett","die a happy man",2016
3,"tim mcgraw","humble and kind",2016
4,"dierks bentley","somewhere on a beach",2016
5,"jon pardi","head over boots",2016
6,"cole swindell","you should be here",2016
7,"sam hunt","break up in a small town",2016
8,"maren morris","my church",2016
9,"blake shelton","came here to forget",2016
10,"kelsea ballerini","peter pan",2016
11,"luke bryan","huntin', fishin' & lovin' every day",2016
12,"dan + shay","from the ground up",2016
13,"jason aldean","lights come on",2016
14,"carrie underwood","church bells",2016
15,"dierks bentley featuring elle king","different for girls",2016
16,"thomas rhett","t-shirt",2016
17,"eric church","record year",2016
18,"old dominion","snapback",2016
19,"chris young duet with cassadee pope","think of you",2016
20,"kenny chesney featuring p!nk","setting the world on fire",2016
21,"luke bryan featuring karen fairchild","home alone tonight",2016
22,"jake owen","american country love song",2016
23,"cole swindell","middle of a memory",2016
24,"brett eldredge","drunk on your love",2016
25,"keith urban","wasted time",2016
26,"sam hunt","make you miss me",2016
27,"florida georgia line","confession",2016
28,"chris lane","fix",2016
29,"carrie underwood","heartbeat",2016
30,"miranda lambert","vice",2016
31,"billy currington","it don't hurt like it used to",2016
32,"dustin lynch","mind reader",2016
33,"rascal flatts","i like the sound of that",2016
34,"brett young","sleep without you",2016
35,"justin moore","you look like i need a drink",2016
36,"chris stapleton","nobody to blame",2016
37,"zac brown band","beautiful drug",2016
38,"granger smith","backroad song",2016
39,"keith urban","blue ain't your color",2016
40,"blake shelton","she's got a way with words",2016
41,"florida georgia line featuring tim mcgraw","may we all",2016
42,"tucker beathard","rock on",2016
43,"locash","i know somebody",2016
44,"luke bryan","move",2016
45,"william michael morgan","i met a girl",2016
46,"kenny chesney","noise",2016
47,"david nail","night's on fire",2016
48,"keith urban","break on me.",2016
49,"jason aldean","a little more summertime",2016
50,"lee brice","that don't sound like you",2016
51,"old dominion","song for another time",2016
52,"brothers osborne","stay a little longer",2016
53,"cam","burning house",2016
54,"chase bryant","little bit of you",2016
55,"brett eldredge","wanna be that song",2016
56,"frankie ballard","it all started with a beer",2016
57,"randy houser","we went",2016
58,"kelsea ballerini","dibs",2016
59,"chris young","i'm comin' over",2016
60,"maren morris","80s mercedes",2016
61,"zac brown band","castaway",2016
62,"chris stapleton","parachute",2016
63,"chris stapleton","tennessee whiskey",2016
64,"jason aldean","gonna know we were here",2016
65,"drake white","livin' the dream",2016
66,"brothers osborne","21 summer",2016
67,"jana kramer","i got the boy",2016
68,"kip moore","running for you",2016
69,"locash","i love this life",2016
70,"blake shelton","gonna",2016
71,"big & rich featuring tim mcgraw","lovin' lately",2016
72,"thomas rhett","vacation",2016
73,"eric church","mr. misunderstood",2016
74,"tim mcgraw","how i'll always be",2016
75,"artists of then, now & forever","forever country",2016
76,"jennifer nettles","unlove you",2016
77,"brantley gilbert","stone cold sober",2016
78,"brad paisley featuring demi lovato","without a fight",2016
79,"luke bryan","strip it down",2016
80,"brad paisley","country nation",2016
81,"tim mcgraw","top of the world",2016
82,"hillary scott & the scott family","thy will",2016
83,"carrie underwood","smoke break",2016
84,"carrie underwood","dirty laundry",2016
85,"tyler farr","better in boots",2016
86,"dustin lynch","seein' red",2016
87,"chris young featuring vince gill","sober saturday night",2016
88,"chris stapleton","fire away",2016
89,"granger smith","if the boot fits",2016
90,"michael ray","real men love jesus",2016
91,"maddie & tae","shut up and fish",2016
92,"canaan smith","hole in a bottle",2016
93,"high valley","make you mine",2016
94,"dan + shay","nothin' like you",2016
95,"kane brown","used to love you sober",2016
96,"brantley gilbert","the weekend",2016
97,"cam","mayday",2016
98,"lauren alaina","road less traveled",2016
99,"thomas rhett","star of the show",2016
100,"eric church featuring rhiannon giddens","kill a word",2016
1,"sam hunt","body like a back road",2017
2,"brett young","in case you didn't know",2017
3,"luke combs","hurricane",2017
4,"kane brown featuring lauren alaina","what ifs",2017
5,"dustin lynch","small town boy",2017
6,"jon pardi","dirt on my boots",2017
7,"keith urban featuring carrie underwood","the fighter",2017
8,"thomas rhett featuring maren morris","craving you",2017
9,"lady antebellum","you look good",2017
10,"little big town","better man",2017
11,"luke combs","when it rains it pours",2017
12,"dylan scott","my girl",2017
13,"keith urban","blue ain't your color",2017
14,"florida georgia line featuring backstreet boys","god, your mama, and me",2017
15,"midland","drinkin' problem",2017
16,"jon pardi","heartache on the dance floor",2017
17,"old dominion","no such thing as a broken heart",2017
18,"dierks bentley","black",2017
19,"carly pearce","every little thing",2017
20,"jason aldean","any ol' barstool",2017
21,"cole swindell","flatliner",2017
22,"thomas rhett","unforgettable",2017
23,"brothers osborne","it ain't my fault",2017
24,"lanco","greatest love story",2017
25,"maren morris","i could use a love song",2017
26,"dan + shay","how not to",2017
27,"blake shelton","every time i hear that song",2017
28,"kip moore","more girls like you",2017
29,"blake shelton","a guy with a girl",2017
30,"chris lane","for her",2017
31,"justin moore","somebody else will",2017
32,"darius rucker","if i told you",2017
33,"rascal flatts","yours if you want it",2017
34,"kelsea ballerini","yeah boy",2017
35,"luke bryan","fast",2017
36,"thomas rhett","star of the show",2017
37,"brantley gilbert","the weekend",2017
38,"josh turner","hometown girl",2017
39,"kenny chesney","all the pretty girls",2017
40,"jason aldean","they don't know",2017
41,"billy currington","do i make you wanna",2017
42,"michael ray","think a little less",2017
43,"miranda lambert","tin man",2017
44,"zac brown band","my old man",2017
45,"chris janson","fix a drink",2017
46,"eric church","round here buzz",2017
47,"lauren alaina","road less traveled",2017
48,"eric church featuring rhiannon giddens","kill a word",2017
49,"chris young","losing sleep",2017
50,"brad paisley","today",2017
51,"florida georgia line featuring tim mcgraw","may we all",2017
52,"carrie underwood","dirty laundry",2017
53,"chris young featuring vince gill","sober saturday night",2017
54,"garth brooks","ask me how i know",2017
55,"russell dickerson","yours",2017
56,"luke bryan","light it up",2017
57,"locash","ring on every finger",2017
58,"chris stapleton","broken halos",2017
59,"walker hayes","you broke up with me",2017
60,"dustin lynch","seein' red",2017
61,"brett eldredge","somethin' i'm good at",2017
62,"brett eldredge","wanna be that song",2017
63,"tim mcgraw & faith hill","speak to a girl",2017
64,"kenny chesney","bar at the end of the world",2017
65,"brett young","like i loved you",2017
66,"blake shelton","i'll name the dogs",2017
67,"easton corbin","a girl like you",2017
68,"florida georgia line","smooth",2017
69,"maren morris","80s mercedes",2017
70,"brad paisley","last time for everything",2017
71,"scotty mccreery","five more minutes",2017
72,"devin dawson","all on me",2017
73,"old dominion","song for another time",2017
74,"trent harmon","there's a girl",2017
75,"kenny chesney featuring p!nk","setting the world on fire",2017
76,"kelsea ballerini","legends",2017
77,"high valley","make you mine",2017
78,"granger smith","if the boot fits",2017
79,"morgan wallen","the way i talk",2017
80,"miranda lambert","we should be friends",2017
81,"old dominion","written in the sand",2017
82,"lee brice","boy",2017
83,"tim mcgraw","how i'll always be",2017
84,"aaron watson","outta style",2017
85,"jason aldean","a little more summertime",2017
86,"chris stapleton","parachute",2017
87,"chris janson","holdin' her",2017
88,"drake white","makin' me look good again",2017
89,"chris stapleton","either way",2017
90,"raelynn","love triangle",2017
91,"big & rich","california",2017
92,"jordan davis","singles you up",2017
93,"craig campbell","outskirts of heaven",2017
94,"garth brooks","baby, let's lay down and dance",2017
95,"brett young","sleep without you",2017
96,"cole swindell","middle of a memory",2017
97,"brett eldredge","the long way",2017
98,"chris stapleton","tennessee whiskey",2017
99,"kane brown","found you",2017
100,"jake owen","good company",2017
1,"bebe rexha & florida georgia line","meant to be",2018
2,"kane brown","heaven",2018
3,"dan + shay","tequila",2018
4,"jason aldean","you make it easy",2018
5,"thomas rhett","marry me",2018
6,"luke combs","one number away",2018
7,"florida georgia line","simple",2018
8,"kenny chesney","get along",2018
9,"brett young","mercy",2018
10,"morgan wallen featuring florida georgia line","up down",2018
11,"luke bryan","most people are good",2018
12,"chris lane featuring tori kelly","take back home girl",2018
13,"jason aldean featuring miranda lambert","drowns the whiskey",2018
14,"cole swindell","break up in the end",2018
15,"chris stapleton","broken halos",2018
16,"luke bryan","sunrise, sunburn, sunset",2018
17,"dylan scott","hooked",2018
18,"chris janson","drunk girl",2018
19,"jordan davis","singles you up",2018
20,"old dominion","hotel key",2018
21,"kane brown","lose it",2018
22,"scotty mccreery","five more minutes",2018
23,"luke combs","she got the best of me",2018
24,"jake owen","i was jack (you were diane)",2018
25,"thomas rhett","life changes",2018
26,"luke combs","beautiful crazy",2018
27,"blake shelton","i lived it",2018
28,"dierks bentley","woman, amen",2018
29,"devin dawson","all on me",2018
30,"russell dickerson","blue tacoma",2018
31,"russell dickerson","yours",2018
32,"dan + shay","speechless",2018
33,"chris young","hangin' on",2018
34,"brett eldredge","the long way",2018
35,"sugarland featuring taylor swift","babe",2018
36,"old dominion","written in the sand",2018
37,"kane brown featuring lauren alaina","what ifs",2018
38,"david lee murphy & kenny chesney","everything's gonna be alright",2018
39,"carrie underwood","cry pretty",2018
40,"darius rucker","for the first time",2018
41,"lanco","greatest love story",2018
42,"morgan evans","kiss somebody",2018
43,"jimmie allen","best shot",2018
44,"maren morris","rich",2018
45,"keith urban featuring julia michaels","coming home",2018
46,"sam hunt","body like a back road",2018
47,"blake shelton","i'll name the dogs",2018
48,"walker hayes","you broke up with me",2018
49,"lanco","born to love you",2018
50,"mitchell tenpenny","drunk me",2018
51,"brett young","like i loved you",2018
52,"eric church","desperate man",2018
53,"high valley","she's with me",2018
54,"chris young","losing sleep",2018
55,"lady antebellum","heart break",2018
56,"keith urban","female",2018
57,"chris stapleton","millionaire",2018
58,"thomas rhett","unforgettable",2018
59,"lee brice","boy",2018
60,"michael ray","get to you",2018
61,"carly pearce","hide the wine",2018
62,"kelsea ballerini","legends",2018
63,"eric church","round here buzz",2018
64,"luke bryan","light it up",2018
65,"luke combs","when it rains it pours",2018
66,"dierks bentley featuring brothers osborne","burning man",2018
67,"granger smith","happens like that",2018
68,"garth brooks","all day long",2018
69,"kip moore","last shot",2018
70,"maren morris","i could use a love song",2018
71,"justin moore","kinda don't care",2018
72,"sam hunt","downtown's dead",2018
73,"kelsea ballerini","i hate love songs",2018
74,"easton corbin","a girl like you",2018
75,"brothers osborne","shoot me straight",2018
76,"jon pardi","she ain't in it",2018
77,"lindsay ell","criminal",2018
78,"brantley gilbert","ones that like me",2018
79,"midland","burn out",2018
80,"dustin lynch","good girl",2018
81,"tim mcgraw & faith hill","the rest of our life",2018
82,"jordan davis","take it from me",2018
83,"luke combs","must've never met you",2018
84,"chase rice","three chords & the truth",2018
85,"midland","make a little",2018
86,"blake shelton","turnin' me on",2018
87,"scotty mccreery","this is it",2018
88,"luke combs","houston, we got a problem",2018
89,"dustin lynch","i'd be jealous too",2018
90,"jake owen","down to the honkytonk",2018
91,"mason ramsey","famous",2018
92,"aaron watson","outta style",2018
93,"ashley mcbryde","a little dive bar in dahlonega",2018
94,"travis denning","david ashley parker from powder springs",2018
95,"lauren alaina","doin' fine",2018
96,"tyler rich","the difference",2018
97,"cody johnson","on my way to you",2018
98,"carrie underwood","love wins",2018
99,"jason aldean","girl like you",2018
100,"rodney atkins featuring the fisk jubilee singers","caught up in the country",2018
1,"morgan wallen","whiskey glasses",2019
2,"dan + shay","speechless",2019
3,"blake shelton","god's country",2019
4,"luke combs","beautiful crazy",2019
5,"luke combs","beer never broke my heart",2019
6,"blanco brown","the git up",2019
7,"dan + shay","tequila",2019
8,"lee brice","rumor",2019
9,"luke bryan","knockin' boots",2019
10,"bebe rexha & florida georgia line","meant to be",2019
11,"thomas rhett","look what god gave her",2019
12,"florida georgia line","talk you out of it",2019
13,"kane brown","good as you",2019
14,"chris lane","i don't know about you",2019
15,"dan + shay","all to myself",2019
16,"maren morris","girl",2019
17,"kelsea ballerini","miss me more",2019
18,"brantley gilbert + lindsay ell","what happens in a small town",2019
19,"matt stell","prayed for you",2019
20,"chase rice","eyes on you",2019
21,"marshmello & kane brown","one thing right",2019
22,"luke combs","she got the best of me",2019
23,"jason aldean","rearview town",2019
24,"brett young","here tonight",2019
25,"maren morris","the bones",2019
26,"old dominion","one man band",2019
27,"cody johnson","on my way to you",2019
28,"scotty mccreery","this is it",2019
29,"cole swindell","love you too late",2019
30,"justin moore","the ones that didn't make it back home",2019
31,"russell dickerson","every little thing",2019
32,"jon pardi","night shift",2019
33,"jason aldean","girl like you",2019
34,"chris janson","good vibes",2019
35,"dierks bentley","living",2019
36,"old dominion","make it sweet",2019
37,"eric church","some of it",2019
38,"luke combs","even though i'm leaving",2019
39,"lady antebellum","what if i never get over you",2019
40,"chris stapleton","millionaire",2019
41,"carrie underwood","southbound",2019
42,"chris young","raised on country",2019
43,"keith urban","we were",2019
44,"jordan davis","take it from me",2019
45,"brett eldredge","love someone",2019
46,"dan + shay & justin bieber","10,000 hours",2019
47,"jimmie allen","best shot",2019
48,"jake owen","down to the honkytonk",2019
49,"eli young band","love ain't",2019
50,"carrie underwood","love wins",2019
51,"kane brown","lose it",2019
52,"luke bryan","what makes you country",2019
53,"riley green","there was this girl",2019
54,"kenny chesney","tip of my tongue",2019
55,"dierks bentley featuring brothers osborne","burning man",2019
56,"thomas rhett","sixteen",2019
57,"mitchell tenpenny","drunk me",2019
58,"dustin lynch","ridin' roads",2019
59,"runaway june","buy my own drinks",2019
60,"michael ray","one that got away",2019
61,"midland","burn out",2019
62,"ryan hurd","to a t",2019
63,"hardy","rednecker",2019
64,"jon pardi","heartache medication",2019
65,"tim mcgraw","thought about you",2019
66,"thomas rhett","remember you young",2019
67,"rodney atkins featuring the fisk jubilee singers","caught up in the country",2019
68,"miranda lambert","it all comes out in the wash",2019
69,"rascal flatts","back to life",2019
70,"george strait","every little honky tonk bar",2019
71,"garth brooks & blake shelton","dive bar",2019
72,"dustin lynch","good girl",2019
73,"gabby barrett","i hope",2019
74,"kane brown","homesick",2019
75,"diplo presents thomas wesley featuring morgan wallen","heartless",2019
76,"jimmie allen","make me want to",2019
77,"dylan scott","nothing to do town",2019
78,"kacey musgraves","rainbow",2019
79,"zac brown band","someone i used to know",2019
80,"midland","mr. lonely",2019
81,"kip moore","last shot",2019
82,"ingrid andress","more hearts than mine",2019
83,"carly pearce","closer to you",2019
84,"blake shelton featuring trace adkins","hell right",2019
85,"morgan evans","day drunk",2019
86,"jordan davis","slow dance in a parking lot",2019
87,"tenille townes","somebody's daughter",2019
88,"kelsea ballerini","homecoming queen?",2019
89,"tyler rich","the difference",2019
90,"keith urban","never comin down",2019
91,"riley green","i wish grandpas never died",2019
92,"brett young","catch",2019
93,"jason aldean","we back",2019
94,"blake shelton","turnin' me on",2019
95,"tim mcgraw","neon church",2019
96,"sam hunt","kinfolks",2019
97,"maddie & tae","die from a broken heart",2019
98,"morgan wallen","chasin' you",2019
99,"chase rice","lonely if you are",2019
100,"garth brooks","stronger than me",2019
1,"gabby barrett","i hope",2020
2,"maren morris","the bones",2020
3,"dan + shay & justin bieber","10,000 hours",2020
4,"morgan wallen","chasin' you",2020
5,"blake shelton duet with gwen stefani","nobody but you",2020
6,"old dominion","one man band",2020
7,"jason aldean","got what i got",2020
8,"maddie & tae","die from a broken heart",2020
9,"carly pearce & lee brice","i hope you're happy now",2020
10,"lee brice","one of them girls",2020
11,"luke bryan","one margarita",2020
12,"sam hunt","hard to forget",2020
13,"sam hunt","kinfolks",2020
14,"hardy featuring lauren alaina & devin dawson","one beer",2020
15,"miranda lambert","bluebird",2020
16,"luke combs featuring eric church","does to me",2020
17,"morgan wallen","more than my hometown",2020
18,"luke combs","even though i'm leaving",2020
19,"luke combs","lovin' on you",2020
20,"ingrid andress","more hearts than mine",2020
21,"kane brown","cool again",2020
22,"kane brown","homesick",2020
23,"florida georgia line","i love my country",2020
24,"thomas rhett featuring reba mcentire, hillary scott, chris tomlin & keith urban","be a light",2020
25,"travis denning","after a few",2020
26,"thomas rhett featuring jon pardi","beer can't fix",2020
27,"luke bryan","what she wants tonight",2020
28,"keith urban","god whispered your name",2020
29,"jameson rodgers","some girls",2020
30,"parker mccollum","pretty heart",2020
31,"jordan davis","slow dance in a parking lot",2020
32,"jon pardi","heartache medication",2020
33,"kenny chesney","here and now",2020
34,"brett young","catch",2020
35,"ashley mcbryde","one night standards",2020
36,"russell dickerson","love you like i used to",2020
37,"justin moore","why we drink",2020
38,"locash","one big country song",2020
39,"tim mcgraw","i called mama",2020
40,"lady antebellum","what if i never get over you",2020
41,"jason aldean","we back",2020
42,"matt stell","everywhere but on",2020
43,"chris janson","done",2020
44,"kelsea ballerini","homecoming queen?",2020
45,"dan + shay","i should probably go to bed",2020
46,"scotty mccreery","in between",2020
47,"riley green","i wish grandpas never died",2020
48,"jon pardi","ain't always the cowboy",2020
49,"jake owen","homemade",2020
50,"blake shelton featuring gwen stefani","happy anywhere",2020
51,"morgan wallen","7 summers",2020
52,"jimmie allen","make me want to",2020
53,"dustin lynch","ridin' roads",2020
54,"lady a","champagne night",2020
55,"diplo presents thomas wesley featuring morgan wallen","heartless",2020
56,"kip moore","she's mine",2020
57,"marshmello & kane brown","one thing right",2020
58,"chris lane","big, big plans",2020
59,"parmalee x blanco brown","just the way",2020
60,"chase rice","lonely if you are",2020
61,"luke combs","better together",2020
62,"eric church","monsters",2020
63,"garth brooks & blake shelton","dive bar",2020
64,"thomas rhett","remember you young",2020
65,"niko moon","good time",2020
66,"carrie underwood","drinking alone",2020
67,"jordan davis","almost maybes",2020
68,"brett young","lady",2020
69,"chris stapleton","starting over",2020
70,"kelsea ballerini","hole in the bottle",2020
71,"luke combs","six feet apart",2020
72,"breland","my truck",2020
73,"kelsea ballerini x halsey","the other girl",2020
74,"gabby barrett","the good ones",2020
75,"lauren alaina","getting good",2020
76,"taylor swift","betty",2020
77,"gone west","what could've been",2020
78,"dustin lynch","momma's house",2020
79,"eric church","stick that in your country song",2020
80,"kenny chesney","happy does",2020
81,"ryan hurd","to a t",2020
82,"florida georgia line","blessings",2020
83,"michael ray","her world or mine",2020
84,"kenny chesney","tip of my tongue",2020
85,"luke combs","forever after all",2020
86,"brad paisley","no i in beer",2020
87,"maren morris","to hell & back",2020
88,"chris young","drowning",2020
89,"blake shelton featuring trace adkins","hell right",2020
90,"little big town","wine, beer, whiskey",2020
91,"darius rucker","beers and sunshine",2020
92,"morgan wallen","this bar",2020
93,"old dominion","some people do",2020
94,"chris tomlin featuring lady a","who you are to me",2020
95,"keith urban duet with p!nk","one too many",2020
96,"keith urban","we were",2020
97,"morgan wallen","cover me up",2020
98,"florida georgia line","long live",2020
99,"the chicks","gaslighter",2020
100,"midland","cheatin' songs",2020
